emp_no,from_date,to_date,dept_name,title
10095,1994-03-10,9999-01-01,Sales,Senior Staff
10122,1998-08-06,9999-01-01,Development,Technique Leader
10291,1987-03-30,9999-01-01,Sales,Senior Staff
10476,1987-09-20,9999-01-01,Research,Senior Staff
10663,1999-02-12,9999-01-01,Production,Technique Leader
10762,1992-01-21,9999-01-01,Research,Senior Staff
10933,1993-08-02,9999-01-01,Production,Senior Engineer
12155,1993-09-16,9999-01-01,Production,Engineer
12408,1995-04-18,9999-01-01,Development,Senior Engineer
12643,1998-12-31,9999-01-01,Finance,Staff
13499,1991-09-01,9999-01-01,Production,Technique Leader
14075,1991-05-30,9999-01-01,Development,Assistant Engineer
14104,1994-07-23,9999-01-01,Human Resources,Senior Staff
14127,1994-04-22,9999-01-01,Production,Engineer
14158,1990-02-06,9999-01-01,Sales,Senior Staff
14476,1999-09-25,9999-01-01,Production,Engineer
14907,1986-12-18,9999-01-01,Sales,Senior Staff
15050,1990-12-17,9999-01-01,Production,Engineer
15058,1990-06-18,9999-01-01,Finance,Senior Staff
15413,1994-01-01,9999-01-01,Development,Engineer
16461,1986-09-06,9999-01-01,Sales,Senior Staff
16528,1996-05-07,9999-01-01,Production,Assistant Engineer
17013,1995-05-24,9999-01-01,Finance,Senior Staff
17206,1992-12-27,9999-01-01,Production,Engineer
17369,2000-09-15,9999-01-01,Production,Engineer
17447,1998-12-16,9999-01-01,Sales,Staff
17731,1989-12-06,9999-01-01,Development,Assistant Engineer
17970,1989-01-09,9999-01-01,Production,Technique Leader
17988,1989-11-30,9999-01-01,Production,Engineer
18021,1987-05-08,9999-01-01,Development,Engineer
18424,1995-06-07,9999-01-01,Development,Engineer
18583,1998-08-16,9999-01-01,Customer Service,Staff
18617,1989-04-24,9999-01-01,Human Resources,Senior Staff
18810,1991-06-27,9999-01-01,Development,Engineer
19236,1988-07-12,9999-01-01,Production,Engineer
19350,1994-03-27,9999-01-01,Customer Service,Senior Staff
19803,1987-06-13,9999-01-01,Development,Engineer
20100,1986-06-15,9999-01-01,Marketing,Senior Staff
20128,1999-08-13,9999-01-01,Customer Service,Senior Staff
20129,1991-03-28,9999-01-01,Production,Engineer
20248,1999-12-31,9999-01-01,Customer Service,Staff
20313,1999-01-20,9999-01-01,Production,Engineer
20500,1993-10-15,9999-01-01,Customer Service,Senior Staff
20885,1989-03-14,9999-01-01,Production,Engineer
21181,1991-10-06,9999-01-01,Production,Assistant Engineer
21188,2000-01-08,9999-01-01,Development,Engineer
21546,2002-03-19,9999-01-01,Marketing,Senior Staff
21843,1985-11-29,9999-01-01,Development,Senior Engineer
21909,1991-12-28,9999-01-01,Sales,Senior Staff
22185,2002-06-12,9999-01-01,Production,Assistant Engineer
22415,1994-08-24,9999-01-01,Sales,Senior Staff
22451,1994-01-19,9999-01-01,Development,Senior Staff
22455,1990-11-16,9999-01-01,Marketing,Senior Staff
22926,1988-01-15,9999-01-01,Production,Engineer
23396,1986-12-15,9999-01-01,Production,Technique Leader
24080,1996-03-11,9999-01-01,Development,Technique Leader
24205,1993-09-19,9999-01-01,Development,Senior Engineer
24377,1993-07-25,9999-01-01,Quality Management,Engineer
24394,1994-09-10,9999-01-01,Sales,Staff
24553,1987-01-30,9999-01-01,Sales,Senior Staff
24571,1989-03-14,9999-01-01,Production,Engineer
25488,1991-11-09,9999-01-01,Research,Senior Staff
26629,1998-12-14,9999-01-01,Research,Senior Staff
26671,1994-12-25,9999-01-01,Development,Engineer
26788,1988-04-23,9999-01-01,Development,Engineer
27331,1991-01-22,9999-01-01,Customer Service,Senior Staff
27378,1999-02-25,9999-01-01,Finance,Senior Staff
27620,1990-03-02,9999-01-01,Production,Engineer
27686,1998-03-03,9999-01-01,Sales,Senior Staff
27699,1996-12-23,9999-01-01,Production,Engineer
27767,1993-11-21,9999-01-01,Customer Service,Senior Staff
28193,1988-12-14,9999-01-01,Development,Engineer
28974,1986-09-02,9999-01-01,Development,Senior Engineer
28988,1998-09-09,9999-01-01,Production,Technique Leader
29130,1998-04-26,9999-01-01,Marketing,Staff
29265,1988-03-21,9999-01-01,Customer Service,Senior Staff
29380,1998-05-02,9999-01-01,Production,Assistant Engineer
29418,1998-07-01,9999-01-01,Production,Assistant Engineer
29679,1986-10-18,9999-01-01,Development,Senior Engineer
29782,2000-10-23,9999-01-01,Production,Senior Engineer
29954,1992-09-29,9999-01-01,Production,Senior Engineer
30007,1990-02-23,9999-01-01,Production,Engineer
30035,1995-07-04,9999-01-01,Research,Senior Staff
30154,1999-04-19,9999-01-01,Development,Technique Leader
30182,1985-12-08,9999-01-01,Development,Engineer
30465,1986-07-16,9999-01-01,Development,Engineer
30484,1999-05-18,9999-01-01,Sales,Staff
30695,1999-10-26,9999-01-01,Development,Senior Engineer
30938,1997-10-10,9999-01-01,Marketing,Senior Staff
31147,1989-07-05,9999-01-01,Finance,Senior Staff
31188,1993-02-03,9999-01-01,Production,Technique Leader
31207,1993-08-05,9999-01-01,Production,Senior Engineer
31341,1991-03-23,9999-01-01,Finance,Senior Staff
31514,1996-11-09,9999-01-01,Development,Engineer
31568,1996-11-24,9999-01-01,Marketing,Staff
31909,2000-10-30,9999-01-01,Production,Engineer
32347,1990-09-15,9999-01-01,Marketing,Senior Staff
32552,1993-09-10,9999-01-01,Development,Assistant Engineer
32649,1988-06-10,9999-01-01,Research,Senior Staff
32714,2001-09-18,9999-01-01,Marketing,Staff
32844,1995-01-07,9999-01-01,Development,Engineer
33025,1999-12-16,9999-01-01,Customer Service,Senior Staff
33215,1993-02-14,9999-01-01,Production,Technique Leader
33722,2001-02-03,9999-01-01,Research,Senior Engineer
34077,1988-11-16,9999-01-01,Sales,Senior Staff
34261,1990-12-30,9999-01-01,Human Resources,Senior Staff
34446,1986-12-19,9999-01-01,Development,Senior Engineer
34452,1991-05-10,9999-01-01,Production,Engineer
34505,1994-09-06,9999-01-01,Sales,Senior Staff
34533,1995-01-16,9999-01-01,Quality Management,Senior Engineer
34780,2001-09-18,9999-01-01,Sales,Staff
34788,1994-08-31,9999-01-01,Production,Senior Engineer
34936,1991-02-12,9999-01-01,Production,Technique Leader
35044,1989-05-27,9999-01-01,Production,Engineer
35087,1994-10-14,9999-01-01,Customer Service,Senior Staff
35441,1990-09-17,9999-01-01,Research,Engineer
35642,1999-02-28,9999-01-01,Quality Management,Engineer
35793,1991-05-11,9999-01-01,Customer Service,Senior Staff
35798,1997-03-15,9999-01-01,Development,Senior Engineer
36521,1987-03-06,9999-01-01,Finance,Senior Staff
36626,1986-05-09,9999-01-01,Sales,Senior Staff
36733,1997-11-01,9999-01-01,Customer Service,Staff
36844,2000-01-12,9999-01-01,Customer Service,Staff
36982,1992-06-23,9999-01-01,Quality Management,Engineer
37070,1985-02-13,9999-01-01,Customer Service,Senior Staff
37945,1994-02-19,9999-01-01,Development,Senior Engineer
38043,1985-11-23,9999-01-01,Development,Engineer
38103,1988-03-31,9999-01-01,Production,Engineer
38168,1987-08-15,9999-01-01,Sales,Senior Staff
38550,1987-02-16,9999-01-01,Quality Management,Senior Engineer
38593,1986-06-04,9999-01-01,Production,Engineer
38947,1998-04-08,9999-01-01,Marketing,Senior Staff
39000,1997-03-03,9999-01-01,Research,Senior Staff
39036,1996-05-04,9999-01-01,Human Resources,Staff
39301,1992-02-06,9999-01-01,Research,Senior Staff
39341,1985-05-11,9999-01-01,Production,Engineer
39952,1998-07-22,9999-01-01,Sales,Staff
40269,1991-12-05,9999-01-01,Sales,Senior Staff
40283,1985-05-11,9999-01-01,Development,Engineer
40301,1997-10-20,9999-01-01,Customer Service,Senior Engineer
40536,1988-02-29,9999-01-01,Development,Engineer
40765,1992-12-21,9999-01-01,Research,Senior Staff
40773,1986-04-13,9999-01-01,Customer Service,Senior Staff
40983,1986-12-01,9999-01-01,Development,Technique Leader
41114,1995-12-24,9999-01-01,Production,Technique Leader
41137,1996-01-08,9999-01-01,Customer Service,Senior Staff
41357,1997-03-04,9999-01-01,Development,Engineer
41518,2001-02-08,9999-01-01,Production,Senior Engineer
41520,1988-03-21,9999-01-01,Development,Senior Engineer
41609,1987-10-13,9999-01-01,Sales,Senior Staff
42778,1987-12-18,9999-01-01,Human Resources,Senior Staff
42911,1994-10-08,9999-01-01,Production,Engineer
42950,1993-10-09,9999-01-01,Research,Senior Staff
42955,1995-02-21,9999-01-01,Quality Management,Engineer
43154,1997-07-04,9999-01-01,Finance,Senior Staff
43733,1993-12-31,9999-01-01,Human Resources,Senior Staff
43848,1999-05-26,9999-01-01,Production,Engineer
44054,1997-02-09,9999-01-01,Development,Engineer
44265,1997-01-30,9999-01-01,Development,Engineer
44540,1989-11-12,9999-01-01,Development,Senior Engineer
44900,1994-08-10,9999-01-01,Marketing,Senior Staff
44959,1988-01-16,9999-01-01,Production,Engineer
44962,1996-05-18,9999-01-01,Development,Assistant Engineer
45162,1987-10-19,9999-01-01,Development,Engineer
46000,1997-07-24,9999-01-01,Customer Service,Senior Staff
46328,1997-01-27,9999-01-01,Sales,Senior Staff
46811,1988-04-27,9999-01-01,Production,Senior Engineer
46834,1998-03-20,9999-01-01,Sales,Senior Staff
46943,1993-12-06,9999-01-01,Development,Engineer
47016,1989-03-01,9999-01-01,Customer Service,Senior Staff
47139,1996-10-29,9999-01-01,Development,Engineer
47262,1985-08-16,9999-01-01,Development,Engineer
47515,1987-01-18,9999-01-01,Development,Senior Engineer
47702,1991-08-12,9999-01-01,Sales,Senior Staff
47708,1995-07-12,9999-01-01,Marketing,Senior Staff
48275,1987-11-20,9999-01-01,Sales,Senior Staff
48690,1999-09-27,9999-01-01,Human Resources,Staff
48882,1993-06-07,9999-01-01,Production,Engineer
48904,1994-03-07,9999-01-01,Finance,Senior Staff
48947,1992-05-20,9999-01-01,Sales,Senior Staff
49010,1990-03-30,9999-01-01,Marketing,Senior Staff
49017,1990-11-26,9999-01-01,Development,Engineer
49119,1991-05-16,9999-01-01,Production,Engineer
49177,1999-03-09,9999-01-01,Production,Engineer
49464,1999-09-10,9999-01-01,Sales,Staff
49477,1998-08-05,9999-01-01,Human Resources,Senior Staff
50293,1996-10-08,9999-01-01,Production,Engineer
50311,1996-10-06,9999-01-01,Quality Management,Senior Engineer
50453,1997-10-02,9999-01-01,Finance,Staff
50670,1985-02-20,9999-01-01,Marketing,Senior Staff
50831,1996-06-11,9999-01-01,Production,Senior Engineer
51036,1995-05-23,9999-01-01,Sales,Staff
51057,1991-09-27,9999-01-01,Marketing,Senior Staff
51060,1989-10-20,9999-01-01,Development,Engineer
51142,1986-01-31,9999-01-01,Development,Engineer
52038,1985-05-18,9999-01-01,Production,Senior Engineer
52040,1996-12-08,9999-01-01,Development,Senior Staff
52283,1994-03-11,9999-01-01,Research,Senior Staff
52386,1986-05-30,9999-01-01,Sales,Senior Staff
52590,1996-10-07,9999-01-01,Development,Senior Staff
52599,1994-01-13,9999-01-01,Customer Service,Engineer
52639,1996-02-05,9999-01-01,Sales,Senior Staff
52770,1992-08-28,9999-01-01,Sales,Senior Staff
52778,1986-05-03,9999-01-01,Quality Management,Technique Leader
52956,1998-11-24,9999-01-01,Quality Management,Engineer
52970,1988-03-17,9999-01-01,Production,Engineer
53278,1993-02-01,9999-01-01,Sales,Senior Staff
53314,1999-02-23,9999-01-01,Research,Staff
53431,1993-05-24,9999-01-01,Customer Service,Senior Staff
53499,1994-09-11,9999-01-01,Production,Engineer
53597,1985-03-02,9999-01-01,Development,Engineer
53874,1986-02-14,9999-01-01,Marketing,Senior Staff
53924,1991-01-23,9999-01-01,Production,Engineer
54198,1986-01-06,9999-01-01,Development,Engineer
54632,1989-06-14,9999-01-01,Finance,Senior Staff
54795,1994-03-02,9999-01-01,Production,Senior Staff
54800,2000-01-27,9999-01-01,Sales,Staff
55640,1993-07-16,9999-01-01,Production,Engineer
55687,1995-03-29,9999-01-01,Development,Senior Engineer
55799,1987-06-17,9999-01-01,Production,Engineer
55857,1987-09-15,9999-01-01,Sales,Senior Staff
56105,1989-04-16,9999-01-01,Development,Engineer
56209,1992-12-01,9999-01-01,Production,Engineer
56415,1991-10-24,9999-01-01,Finance,Senior Staff
56428,1986-11-10,9999-01-01,Sales,Senior Staff
56682,1993-11-06,9999-01-01,Development,Assistant Engineer
56829,1997-06-14,9999-01-01,Quality Management,Engineer
56847,1998-08-27,9999-01-01,Quality Management,Senior Engineer
57934,1989-12-27,9999-01-01,Development,Engineer
58141,1994-09-27,9999-01-01,Finance,Staff
58147,1988-02-24,9999-01-01,Marketing,Senior Staff
58384,1993-11-14,9999-01-01,Development,Engineer
58454,1999-06-29,9999-01-01,Production,Engineer
58497,2000-10-21,9999-01-01,Marketing,Senior Staff
58819,1987-12-02,9999-01-01,Sales,Senior Staff
58990,1998-11-18,9999-01-01,Development,Engineer
59195,1990-06-19,9999-01-01,Development,Technique Leader
59640,1999-01-26,9999-01-01,Finance,Staff
59869,1987-09-25,9999-01-01,Marketing,Senior Staff
59966,1993-02-03,9999-01-01,Production,Technique Leader
60000,1995-09-23,9999-01-01,Development,Assistant Engineer
60091,1990-04-11,9999-01-01,Customer Service,Senior Staff
60238,1999-02-19,9999-01-01,Marketing,Staff
60559,1988-08-29,9999-01-01,Production,Engineer
60821,1991-09-03,9999-01-01,Human Resources,Senior Staff
60845,1997-05-13,9999-01-01,Production,Engineer
60875,1990-01-14,9999-01-01,Quality Management,Engineer
60959,1989-10-19,9999-01-01,Marketing,Senior Staff
61147,1999-03-03,9999-01-01,Marketing,Staff
61253,2002-05-09,9999-01-01,Research,Engineer
61377,1997-04-13,9999-01-01,Production,Senior Staff
61541,1993-08-17,9999-01-01,Development,Engineer
61873,1993-02-26,9999-01-01,Quality Management,Assistant Engineer
62033,1987-01-15,9999-01-01,Production,Engineer
62046,1992-09-19,9999-01-01,Production,Engineer
62245,1995-08-30,9999-01-01,Development,Engineer
63294,1997-03-01,9999-01-01,Production,Engineer
63419,1989-03-05,9999-01-01,Production,Senior Engineer
63441,1999-04-04,9999-01-01,Human Resources,Staff
63566,1999-01-12,9999-01-01,Sales,Senior Staff
63631,1987-10-15,9999-01-01,Customer Service,Senior Engineer
63706,1997-07-31,9999-01-01,Development,Engineer
64023,1999-11-08,9999-01-01,Development,Senior Engineer
64209,1988-02-26,9999-01-01,Customer Service,Senior Staff
64487,1986-09-17,9999-01-01,Quality Management,Engineer
64532,1990-11-29,9999-01-01,Production,Engineer
64632,1996-02-21,9999-01-01,Sales,Senior Staff
64790,1985-04-19,9999-01-01,Development,Engineer
64828,1999-09-30,9999-01-01,Sales,Staff
64984,1994-08-04,9999-01-01,Quality Management,Engineer
65171,1994-07-06,9999-01-01,Production,Technique Leader
65539,1991-01-27,9999-01-01,Development,Engineer
65883,1991-04-19,9999-01-01,Sales,Senior Staff
65998,1989-04-08,9999-01-01,Sales,Senior Staff
66382,1997-07-13,9999-01-01,Production,Engineer
66530,1998-04-04,9999-01-01,Research,Staff
66643,1996-08-26,9999-01-01,Production,Engineer
66702,1994-09-27,9999-01-01,Development,Engineer
66757,1999-04-10,9999-01-01,Marketing,Staff
66807,1990-05-22,9999-01-01,Development,Engineer
67320,1987-05-10,9999-01-01,Marketing,Senior Staff
67548,1998-06-27,9999-01-01,Human Resources,Staff
67934,1985-03-07,9999-01-01,Production,Engineer
68416,1990-11-08,9999-01-01,Production,Senior Engineer
68608,1989-06-09,9999-01-01,Production,Engineer
68633,1993-07-29,9999-01-01,Production,Senior Engineer
68648,1992-04-01,9999-01-01,Development,Technique Leader
69052,1995-08-05,9999-01-01,Sales,Senior Staff
69219,1994-11-19,9999-01-01,Marketing,Senior Staff
69867,1991-04-09,9999-01-01,Sales,Senior Staff
69878,1997-01-29,9999-01-01,Development,Engineer
69936,1999-01-31,9999-01-01,Production,Assistant Engineer
70469,1990-09-03,9999-01-01,Marketing,Senior Staff
70990,1990-03-23,9999-01-01,Production,Senior Engineer
71066,1996-01-05,9999-01-01,Sales,Senior Staff
71141,1992-02-17,9999-01-01,Human Resources,Senior Staff
71188,1986-12-14,9999-01-01,Sales,Senior Staff
71243,1986-03-29,9999-01-01,Production,Engineer
71334,2001-03-04,9999-01-01,Research,Engineer
71685,1989-10-03,9999-01-01,Production,Senior Engineer
71710,1997-12-15,9999-01-01,Development,Assistant Engineer
71745,1992-05-13,9999-01-01,Development,Assistant Engineer
72190,1999-09-13,9999-01-01,Development,Engineer
72194,1998-10-01,9999-01-01,Production,Senior Engineer
72232,1989-07-10,9999-01-01,Quality Management,Engineer
72640,1993-10-04,9999-01-01,Quality Management,Engineer
72918,1988-01-16,9999-01-01,Sales,Senior Staff
73076,1993-03-16,9999-01-01,Development,Senior Engineer
73233,1985-07-30,9999-01-01,Production,Senior Engineer
73516,1989-06-25,9999-01-01,Production,Engineer
73743,2000-10-15,9999-01-01,Customer Service,Engineer
74200,1991-09-24,9999-01-01,Production,Senior Engineer
74344,1994-11-25,9999-01-01,Development,Engineer
74668,1987-04-09,9999-01-01,Sales,Senior Staff
74800,1989-03-08,9999-01-01,Production,Assistant Engineer
75354,1986-06-16,9999-01-01,Development,Engineer
75703,1996-07-25,9999-01-01,Development,Engineer
76189,1986-10-20,9999-01-01,Production,Engineer
76201,1992-04-02,9999-01-01,Development,Senior Engineer
76640,1994-07-13,9999-01-01,Quality Management,Engineer
77030,1986-03-02,9999-01-01,Development,Technique Leader
77303,1992-03-05,9999-01-01,Customer Service,Senior Staff
77647,1989-11-05,9999-01-01,Production,Technique Leader
77815,1993-06-09,9999-01-01,Development,Assistant Engineer
78106,2000-01-17,9999-01-01,Marketing,Senior Staff
78363,1998-06-23,9999-01-01,Quality Management,Engineer
78469,1997-08-22,9999-01-01,Human Resources,Staff
78871,1985-05-25,9999-01-01,Development,Senior Engineer
79043,1999-11-07,9999-01-01,Production,Technique Leader
79171,1991-01-12,9999-01-01,Production,Senior Engineer
79310,1996-10-27,9999-01-01,Marketing,Senior Staff
79606,1986-12-11,9999-01-01,Development,Senior Engineer
79763,1988-04-09,9999-01-01,Marketing,Senior Staff
79895,1986-01-19,9999-01-01,Sales,Senior Staff
80067,1985-11-09,9999-01-01,Customer Service,Senior Staff
80203,1993-12-01,9999-01-01,Sales,Staff
80432,1990-03-14,9999-01-01,Research,Senior Staff
80731,1987-12-05,9999-01-01,Sales,Senior Staff
80850,1995-04-16,9999-01-01,Production,Engineer
80889,1985-07-30,9999-01-01,Development,Senior Engineer
80948,1991-05-24,9999-01-01,Development,Engineer
81105,1992-05-24,9999-01-01,Development,Engineer
81545,2000-02-07,9999-01-01,Development,Technique Leader
81644,1997-11-28,9999-01-01,Sales,Staff
81995,1990-03-22,9999-01-01,Development,Engineer
82069,1994-11-03,9999-01-01,Production,Engineer
82098,1991-04-20,9999-01-01,Production,Engineer
82351,1989-10-27,9999-01-01,Human Resources,Senior Staff
82511,1998-04-04,9999-01-01,Development,Engineer
82919,1998-12-19,9999-01-01,Development,Engineer
82928,1990-11-16,9999-01-01,Development,Engineer
83280,1999-08-08,9999-01-01,Production,Senior Engineer
83289,1994-01-09,9999-01-01,Development,Engineer
83509,1989-10-12,9999-01-01,Development,Engineer
83544,1994-09-05,9999-01-01,Sales,Senior Staff
83714,2000-10-10,9999-01-01,Customer Service,Engineer
83805,1987-03-11,9999-01-01,Development,Senior Engineer
83941,1996-10-08,9999-01-01,Research,Senior Staff
84029,1997-09-21,9999-01-01,Customer Service,Staff
84179,1989-03-14,9999-01-01,Production,Senior Engineer
84236,1987-06-04,9999-01-01,Sales,Senior Staff
84315,1996-09-26,9999-01-01,Development,Assistant Engineer
84451,1998-06-14,9999-01-01,Development,Senior Engineer
84508,1998-05-02,9999-01-01,Development,Engineer
84840,1996-11-03,9999-01-01,Research,Staff
84922,1996-07-01,9999-01-01,Development,Engineer
84942,1988-02-23,9999-01-01,Quality Management,Technique Leader
85216,1997-07-08,9999-01-01,Finance,Senior Staff
85288,1998-12-08,9999-01-01,Quality Management,Engineer
85414,1999-07-30,9999-01-01,Finance,Staff
85445,1998-03-17,9999-01-01,Sales,Staff
85702,1997-08-15,9999-01-01,Quality Management,Engineer
85874,1986-06-23,9999-01-01,Customer Service,Senior Staff
86213,1993-06-01,9999-01-01,Marketing,Senior Staff
86354,1993-09-13,9999-01-01,Development,Senior Engineer
86422,1985-09-14,9999-01-01,Marketing,Senior Staff
86546,1985-05-15,9999-01-01,Production,Engineer
86655,1995-08-21,9999-01-01,Production,Engineer
86672,1995-09-15,9999-01-01,Research,Staff
87129,1997-04-13,9999-01-01,Sales,Staff
87353,1999-01-17,9999-01-01,Development,Senior Engineer
87714,1989-09-13,9999-01-01,Production,Assistant Engineer
87729,1986-12-10,9999-01-01,Research,Senior Staff
87783,1988-02-24,9999-01-01,Development,Senior Engineer
88103,1999-01-31,9999-01-01,Sales,Senior Staff
88411,2000-01-28,9999-01-01,Development,Engineer
88422,1985-04-03,9999-01-01,Production,Technique Leader
88647,1995-08-09,9999-01-01,Development,Engineer
88958,1995-07-23,9999-01-01,Finance,Senior Staff
88965,1995-05-22,9999-01-01,Development,Engineer
89048,1985-03-23,9999-01-01,Development,Engineer
89090,1990-02-01,9999-01-01,Human Resources,Senior Staff
89161,1991-01-12,9999-01-01,Finance,Senior Staff
89207,1992-10-16,9999-01-01,Human Resources,Senior Staff
89346,1999-08-31,9999-01-01,Development,Engineer
89590,1991-08-08,9999-01-01,Research,Senior Staff
89664,1998-07-07,9999-01-01,Marketing,Staff
89680,1988-05-01,9999-01-01,Production,Engineer
89806,1997-05-24,9999-01-01,Production,Engineer
89922,1988-04-24,9999-01-01,Production,Engineer
89941,1989-07-28,9999-01-01,Marketing,Senior Staff
90077,1991-07-08,9999-01-01,Development,Assistant Engineer
90084,1989-11-22,9999-01-01,Production,Engineer
90211,1997-10-06,9999-01-01,Production,Engineer
90292,1990-05-26,9999-01-01,Production,Engineer
90518,1988-01-28,9999-01-01,Customer Service,Senior Staff
90614,1988-09-23,9999-01-01,Production,Assistant Engineer
90692,1985-09-14,9999-01-01,Marketing,Senior Staff
91172,1987-07-16,9999-01-01,Customer Service,Senior Staff
91182,1988-08-25,9999-01-01,Development,Engineer
91229,1996-10-03,9999-01-01,Production,Engineer
91256,1998-01-09,9999-01-01,Marketing,Staff
91333,1998-11-29,9999-01-01,Sales,Staff
91415,1987-01-15,9999-01-01,Sales,Senior Staff
91648,1988-10-22,9999-01-01,Marketing,Senior Staff
92438,1992-04-11,9999-01-01,Customer Service,Engineer
92454,1987-10-22,9999-01-01,Quality Management,Engineer
92577,1999-01-10,9999-01-01,Production,Assistant Engineer
92598,1996-05-11,9999-01-01,Production,Assistant Engineer
92685,1995-06-07,9999-01-01,Sales,Senior Staff
92841,1993-08-04,9999-01-01,Sales,Senior Staff
92846,1986-09-05,9999-01-01,Marketing,Senior Staff
92920,1993-01-28,9999-01-01,Development,Engineer
93040,1992-03-13,9999-01-01,Development,Senior Engineer
93220,1996-08-27,9999-01-01,Quality Management,Senior Engineer
93278,1997-01-04,9999-01-01,Production,Engineer
93549,2000-03-28,9999-01-01,Sales,Senior Staff
93600,1988-04-18,9999-01-01,Production,Technique Leader
94331,1999-09-03,9999-01-01,Production,Technique Leader
94416,2001-11-20,9999-01-01,Sales,Senior Staff
94761,1988-11-22,9999-01-01,Development,Engineer
94944,1988-06-24,9999-01-01,Development,Engineer
95181,1997-01-30,9999-01-01,Research,Staff
95286,1989-08-23,9999-01-01,Development,Engineer
95314,1991-08-21,9999-01-01,Sales,Senior Staff
95406,1997-07-12,9999-01-01,Development,Engineer
95416,1993-11-29,9999-01-01,Development,Engineer
95509,1995-02-08,9999-01-01,Production,Engineer
95920,1994-09-07,9999-01-01,Finance,Senior Staff
96571,1997-11-05,9999-01-01,Production,Senior Engineer
96579,1996-02-10,9999-01-01,Production,Engineer
96767,1985-08-14,9999-01-01,Production,Engineer
97018,1989-01-01,9999-01-01,Production,Engineer
97623,1990-09-11,9999-01-01,Human Resources,Senior Staff
97661,1993-05-08,9999-01-01,Research,Senior Staff
98288,1989-09-12,9999-01-01,Research,Senior Staff
98306,1999-06-24,9999-01-01,Production,Senior Engineer
98639,1996-05-18,9999-01-01,Research,Staff
99057,1999-06-21,9999-01-01,Customer Service,Staff
99373,1985-12-25,9999-01-01,Customer Service,Senior Staff
99377,1991-06-16,9999-01-01,Development,Senior Engineer
99590,1998-12-16,9999-01-01,Sales,Staff
99654,1985-09-28,9999-01-01,Research,Senior Staff
100865,1990-10-03,9999-01-01,Production,Engineer
100916,1992-04-22,9999-01-01,Development,Engineer
101487,1991-01-31,9999-01-01,Sales,Senior Staff
101647,1994-05-10,9999-01-01,Sales,Senior Staff
101902,1991-03-18,9999-01-01,Sales,Senior Staff
102620,1999-08-12,9999-01-01,Quality Management,Engineer
103196,1988-07-16,9999-01-01,Human Resources,Senior Staff
103310,1995-10-02,9999-01-01,Marketing,Senior Staff
103316,1994-07-27,9999-01-01,Development,Engineer
103342,1998-02-03,9999-01-01,Quality Management,Engineer
103756,1992-04-08,9999-01-01,Development,Assistant Engineer
104133,1991-07-03,9999-01-01,Sales,Senior Staff
104845,1992-06-17,9999-01-01,Finance,Senior Staff
104988,1992-08-08,9999-01-01,Development,Engineer
105342,1999-07-29,9999-01-01,Quality Management,Technique Leader
105356,1995-03-08,9999-01-01,Research,Engineer
105432,1995-09-12,9999-01-01,Development,Engineer
105520,1987-01-29,9999-01-01,Sales,Senior Staff
105731,1990-08-20,9999-01-01,Development,Assistant Engineer
106096,1992-12-02,9999-01-01,Production,Engineer
106242,1988-03-25,9999-01-01,Human Resources,Senior Staff
106695,1988-10-26,9999-01-01,Development,Senior Staff
106710,1986-11-22,9999-01-01,Marketing,Senior Staff
107486,1987-02-11,9999-01-01,Development,Senior Engineer
107737,1999-07-31,9999-01-01,Development,Senior Engineer
107792,1992-03-18,9999-01-01,Marketing,Senior Staff
107828,1989-02-03,9999-01-01,Sales,Senior Staff
108091,1985-11-14,9999-01-01,Customer Service,Senior Staff
108198,1992-10-20,9999-01-01,Research,Senior Staff
108316,1992-05-21,9999-01-01,Production,Senior Engineer
108988,1989-07-20,9999-01-01,Sales,Senior Staff
109062,1992-06-19,9999-01-01,Development,Senior Engineer
109211,2002-06-18,9999-01-01,Research,Engineer
109252,1991-04-28,9999-01-01,Production,Technique Leader
109278,1988-03-22,9999-01-01,Finance,Senior Staff
109552,1997-05-21,9999-01-01,Development,Assistant Engineer
109598,1988-07-05,9999-01-01,Finance,Senior Staff
109620,1989-06-21,9999-01-01,Sales,Senior Staff
109703,1999-08-16,9999-01-01,Production,Engineer
109741,1991-11-13,9999-01-01,Production,Senior Engineer
109953,1988-04-10,9999-01-01,Sales,Senior Staff
200267,1994-09-21,9999-01-01,Customer Service,Senior Staff
200312,2001-11-13,9999-01-01,Quality Management,Senior Engineer
200363,1987-06-30,9999-01-01,Development,Engineer
200735,1992-09-21,9999-01-01,Marketing,Senior Staff
200789,1991-12-15,9999-01-01,Marketing,Senior Staff
201229,1994-07-30,9999-01-01,Human Resources,Staff
201708,1992-09-08,9999-01-01,Human Resources,Senior Staff
201709,1988-02-25,9999-01-01,Finance,Senior Staff
201739,1998-07-21,9999-01-01,Development,Assistant Engineer
201801,1988-10-30,9999-01-01,Development,Engineer
201915,1992-03-30,9999-01-01,Production,Engineer
202291,1997-07-18,9999-01-01,Production,Engineer
202403,1999-07-07,9999-01-01,Production,Engineer
202414,1992-01-07,9999-01-01,Customer Service,Senior Staff
202552,1991-11-22,9999-01-01,Production,Engineer
202826,1986-11-14,9999-01-01,Development,Engineer
202882,1995-09-28,9999-01-01,Development,Senior Engineer
202950,1987-03-26,9999-01-01,Human Resources,Senior Staff
203474,1991-07-06,9999-01-01,Sales,Senior Staff
203495,1997-05-31,9999-01-01,Development,Technique Leader
203599,2000-02-01,9999-01-01,Development,Technique Leader
203720,1996-08-21,9999-01-01,Sales,Senior Staff
203946,1993-03-30,9999-01-01,Human Resources,Senior Staff
204117,2000-12-13,9999-01-01,Customer Service,Staff
204133,1996-02-25,9999-01-01,Finance,Senior Staff
204246,1985-04-01,9999-01-01,Research,Senior Staff
204425,1990-10-08,9999-01-01,Development,Senior Engineer
204470,1998-05-02,9999-01-01,Customer Service,Senior Staff
204471,1986-02-17,9999-01-01,Development,Engineer
204764,1990-11-02,9999-01-01,Development,Engineer
205018,1998-08-05,9999-01-01,Quality Management,Engineer
205085,1991-09-26,9999-01-01,Development,Technique Leader
205174,1998-12-10,9999-01-01,Marketing,Staff
205500,1989-01-13,9999-01-01,Development,Senior Engineer
205627,1996-07-16,9999-01-01,Production,Engineer
205660,2000-10-24,9999-01-01,Marketing,Staff
205699,1994-12-07,9999-01-01,Sales,Senior Staff
205789,1999-08-10,9999-01-01,Finance,Senior Staff
205863,1990-10-04,9999-01-01,Quality Management,Engineer
206748,1999-10-06,9999-01-01,Sales,Staff
206836,1993-03-22,9999-01-01,Research,Senior Staff
206966,1987-11-17,9999-01-01,Development,Engineer
207021,1997-12-06,9999-01-01,Production,Engineer
207068,1994-09-07,9999-01-01,Marketing,Senior Staff
207204,1991-01-17,9999-01-01,Development,Assistant Engineer
207401,1987-08-10,9999-01-01,Research,Senior Staff
207551,1995-02-18,9999-01-01,Development,Assistant Engineer
207779,1992-05-31,9999-01-01,Research,Senior Staff
207980,1990-11-22,9999-01-01,Human Resources,Senior Staff
208147,1988-12-06,9999-01-01,Development,Engineer
208330,1989-07-03,9999-01-01,Sales,Senior Staff
208639,1996-10-30,9999-01-01,Customer Service,Senior Staff
208653,1989-03-03,9999-01-01,Development,Senior Engineer
208784,1985-03-21,9999-01-01,Production,Senior Engineer
209101,1997-10-26,9999-01-01,Quality Management,Senior Engineer
209443,1998-01-26,9999-01-01,Human Resources,Senior Staff
209565,1989-05-28,9999-01-01,Marketing,Senior Staff
209712,1987-10-30,9999-01-01,Development,Assistant Engineer
210017,1990-09-29,9999-01-01,Human Resources,Senior Staff
210292,1996-04-28,9999-01-01,Human Resources,Staff
210449,1997-06-22,9999-01-01,Production,Engineer
210752,1986-12-10,9999-01-01,Marketing,Senior Staff
210786,1998-06-05,9999-01-01,Human Resources,Staff
211858,1985-03-24,9999-01-01,Production,Engineer
211879,1994-11-24,9999-01-01,Development,Senior Engineer
211967,1989-01-22,9999-01-01,Development,Senior Engineer
212093,1993-11-19,9999-01-01,Human Resources,Senior Staff
212154,1991-03-04,9999-01-01,Customer Service,Senior Staff
212361,1996-01-07,9999-01-01,Quality Management,Engineer
213016,1993-07-26,9999-01-01,Development,Engineer
213140,1997-03-31,9999-01-01,Sales,Staff
213384,1985-09-26,9999-01-01,Development,Engineer
213447,1989-09-14,9999-01-01,Production,Engineer
214215,1993-05-28,9999-01-01,Sales,Senior Staff
214391,1993-09-11,9999-01-01,Customer Service,Staff
214427,1996-11-17,9999-01-01,Production,Engineer
214539,1995-04-25,9999-01-01,Development,Engineer
214634,1989-10-24,9999-01-01,Development,Engineer
214789,1989-02-06,9999-01-01,Production,Senior Engineer
214866,1997-07-05,9999-01-01,Development,Senior Engineer
214995,1994-05-04,9999-01-01,Production,Engineer
215419,1995-01-23,9999-01-01,Human Resources,Staff
215629,1987-05-18,9999-01-01,Customer Service,Senior Staff
215746,1999-07-08,9999-01-01,Finance,Staff
215843,1987-03-31,9999-01-01,Marketing,Senior Staff
216054,1986-07-31,9999-01-01,Research,Staff
216342,1995-06-10,9999-01-01,Development,Engineer
216375,1985-03-12,9999-01-01,Development,Senior Engineer
216502,1997-12-15,9999-01-01,Development,Engineer
216573,1989-06-16,9999-01-01,Production,Engineer
216921,1990-12-25,9999-01-01,Sales,Senior Staff
217026,1993-08-16,9999-01-01,Sales,Senior Staff
217080,2000-01-21,9999-01-01,Development,Senior Engineer
217272,1986-08-01,9999-01-01,Sales,Senior Staff
217286,1992-09-22,9999-01-01,Development,Technique Leader
217320,1993-09-10,9999-01-01,Quality Management,Engineer
217363,1996-04-11,9999-01-01,Customer Service,Staff
217387,1987-10-22,9999-01-01,Development,Engineer
217551,1989-06-06,9999-01-01,Production,Senior Engineer
217800,1998-08-06,9999-01-01,Finance,Senior Staff
218022,1992-02-02,9999-01-01,Development,Technique Leader
218100,1990-01-02,9999-01-01,Human Resources,Staff
218831,1996-03-13,9999-01-01,Production,Engineer
219035,1988-05-13,9999-01-01,Quality Management,Technique Leader
219047,1987-05-27,9999-01-01,Development,Engineer
219052,1995-08-02,9999-01-01,Marketing,Staff
219417,1996-07-25,9999-01-01,Research,Staff
219497,1991-10-11,9999-01-01,Development,Technique Leader
219967,1998-03-16,9999-01-01,Human Resources,Senior Staff
220029,1985-11-04,9999-01-01,Development,Senior Engineer
220131,1994-06-08,9999-01-01,Development,Senior Engineer
220418,1997-08-16,9999-01-01,Sales,Staff
220528,1998-02-23,9999-01-01,Research,Senior Staff
220582,1996-02-13,9999-01-01,Marketing,Staff
220611,1995-01-31,9999-01-01,Sales,Staff
220625,1992-12-24,9999-01-01,Production,Technique Leader
220699,1995-08-18,9999-01-01,Customer Service,Staff
220799,1998-10-13,9999-01-01,Research,Senior Engineer
221126,1988-11-29,9999-01-01,Development,Engineer
221367,1990-11-06,9999-01-01,Customer Service,Senior Staff
221369,1996-08-28,9999-01-01,Quality Management,Engineer
221435,1994-02-06,9999-01-01,Production,Engineer
221973,1990-06-06,9999-01-01,Marketing,Staff
222206,1988-01-30,9999-01-01,Human Resources,Senior Staff
222311,1992-12-05,9999-01-01,Development,Senior Engineer
222319,1994-11-09,9999-01-01,Development,Senior Engineer
222354,1993-08-07,9999-01-01,Development,Assistant Engineer
222616,1998-01-19,9999-01-01,Quality Management,Assistant Engineer
222770,1995-08-01,9999-01-01,Development,Senior Engineer
222878,1996-12-01,9999-01-01,Production,Engineer
222926,1997-12-31,9999-01-01,Development,Senior Engineer
222952,1991-04-30,9999-01-01,Production,Senior Engineer
222998,1992-10-02,9999-01-01,Marketing,Staff
223593,1998-03-04,9999-01-01,Marketing,Staff
223595,1999-09-05,9999-01-01,Production,Technique Leader
224135,1998-06-23,9999-01-01,Development,Engineer
224335,1985-07-22,9999-01-01,Development,Engineer
224390,1996-05-17,9999-01-01,Research,Senior Staff
224934,1988-01-02,9999-01-01,Human Resources,Staff
225438,1992-04-28,9999-01-01,Sales,Staff
225601,1994-06-25,9999-01-01,Development,Assistant Engineer
225788,1995-12-18,9999-01-01,Development,Engineer
225867,1999-09-03,9999-01-01,Quality Management,Senior Engineer
225964,1989-06-07,9999-01-01,Production,Senior Engineer
226216,1993-08-14,9999-01-01,Quality Management,Technique Leader
226227,1986-09-06,9999-01-01,Production,Engineer
227354,1986-11-11,9999-01-01,Development,Senior Engineer
227476,1988-05-11,9999-01-01,Development,Engineer
227681,1998-11-30,9999-01-01,Finance,Staff
227899,1998-09-15,9999-01-01,Marketing,Staff
227901,1996-06-08,9999-01-01,Research,Senior Staff
228098,1998-02-17,9999-01-01,Customer Service,Engineer
228248,1988-09-08,9999-01-01,Research,Senior Staff
228554,1990-12-23,9999-01-01,Sales,Senior Staff
228766,1993-02-12,9999-01-01,Production,Engineer
229098,1995-08-16,9999-01-01,Customer Service,Senior Staff
229220,1987-02-09,9999-01-01,Production,Engineer
229248,1995-10-19,9999-01-01,Research,Staff
229386,1994-11-04,9999-01-01,Customer Service,Technique Leader
229391,1991-06-11,9999-01-01,Production,Engineer
229404,1996-04-05,9999-01-01,Human Resources,Staff
229547,1986-07-04,9999-01-01,Sales,Senior Staff
229727,1999-09-28,9999-01-01,Development,Engineer
229981,1992-02-06,9999-01-01,Production,Engineer
230002,1991-10-02,9999-01-01,Development,Senior Engineer
230126,1988-07-02,9999-01-01,Customer Service,Senior Staff
230287,1997-09-28,9999-01-01,Production,Assistant Engineer
230354,1991-08-09,9999-01-01,Human Resources,Staff
230498,1990-04-25,9999-01-01,Production,Senior Engineer
230579,1994-03-19,9999-01-01,Finance,Senior Staff
230689,1986-05-24,9999-01-01,Sales,Senior Staff
230865,1999-06-03,9999-01-01,Marketing,Staff
231069,1995-11-09,9999-01-01,Sales,Staff
231459,1999-11-18,9999-01-01,Production,Assistant Engineer
231671,1995-04-14,9999-01-01,Customer Service,Staff
231798,1988-12-25,9999-01-01,Development,Engineer
232178,1989-12-13,9999-01-01,Human Resources,Senior Staff
232209,1988-08-01,9999-01-01,Quality Management,Engineer
232697,1990-09-07,9999-01-01,Production,Engineer
232723,1993-02-13,9999-01-01,Quality Management,Engineer
233114,1987-12-25,9999-01-01,Development,Senior Engineer
233394,1995-12-24,9999-01-01,Development,Engineer
233397,1990-07-07,9999-01-01,Sales,Senior Staff
233426,1995-03-02,9999-01-01,Development,Engineer
233690,1994-09-08,9999-01-01,Development,Engineer
233759,2000-05-27,9999-01-01,Customer Service,Engineer
233765,1991-03-25,9999-01-01,Development,Senior Engineer
233785,1987-07-28,9999-01-01,Sales,Senior Staff
233818,1985-11-11,9999-01-01,Development,Engineer
234195,1991-05-14,9999-01-01,Sales,Staff
234739,1986-06-28,9999-01-01,Production,Senior Engineer
235017,1991-09-07,9999-01-01,Sales,Staff
235096,1995-07-30,9999-01-01,Customer Service,Staff
235325,1992-10-16,9999-01-01,Development,Senior Engineer
235368,1987-04-12,9999-01-01,Production,Senior Engineer
235458,1992-06-28,9999-01-01,Research,Senior Staff
235729,1993-01-19,9999-01-01,Marketing,Staff
235780,1994-04-08,9999-01-01,Production,Senior Engineer
235793,1999-01-16,9999-01-01,Quality Management,Senior Engineer
236315,1996-07-24,9999-01-01,Development,Technique Leader
236566,1992-12-11,9999-01-01,Customer Service,Staff
236591,1985-04-08,9999-01-01,Marketing,Senior Staff
236827,1994-02-16,9999-01-01,Development,Senior Engineer
236883,1999-11-19,9999-01-01,Sales,Staff
236964,2000-03-20,9999-01-01,Customer Service,Staff
238112,1991-05-25,9999-01-01,Production,Technique Leader
238252,1996-12-27,9999-01-01,Sales,Staff
238422,1988-03-08,9999-01-01,Sales,Senior Staff
238949,1987-10-04,9999-01-01,Sales,Senior Staff
239067,1996-04-02,9999-01-01,Sales,Staff
239244,1987-02-20,9999-01-01,Sales,Staff
239415,1993-04-17,9999-01-01,Production,Engineer
239426,2002-05-07,9999-01-01,Research,Engineer
239664,1992-08-02,9999-01-01,Production,Engineer
239706,1997-04-03,9999-01-01,Production,Assistant Engineer
239748,1988-06-04,9999-01-01,Sales,Staff
239803,1992-05-19,9999-01-01,Research,Staff
240132,1996-08-09,9999-01-01,Customer Service,Senior Staff
240236,1986-01-19,9999-01-01,Production,Senior Engineer
240285,1998-11-14,9999-01-01,Customer Service,Staff
240340,1985-04-02,9999-01-01,Production,Engineer
240438,1992-09-30,9999-01-01,Customer Service,Senior Staff
240870,1992-03-17,9999-01-01,Production,Staff
241100,1990-10-06,9999-01-01,Development,Senior Engineer
241254,1993-05-11,9999-01-01,Development,Senior Engineer
241292,2001-12-11,9999-01-01,Customer Service,Staff
241567,1989-05-02,9999-01-01,Development,Engineer
241667,1985-09-04,9999-01-01,Production,Engineer
241728,1999-08-08,9999-01-01,Customer Service,Senior Engineer
241872,2001-11-14,9999-01-01,Development,Senior Staff
242019,2001-10-28,9999-01-01,Production,Senior Engineer
242081,1996-11-15,9999-01-01,Production,Engineer
242104,1989-09-05,9999-01-01,Marketing,Staff
242500,1989-06-26,9999-01-01,Sales,Staff
242800,1996-02-10,9999-01-01,Development,Engineer
243018,1998-12-27,9999-01-01,Marketing,Senior Staff
243077,1999-02-25,9999-01-01,Production,Senior Engineer
243576,1996-11-10,9999-01-01,Sales,Senior Staff
243637,1990-06-24,9999-01-01,Marketing,Senior Staff
243898,1998-05-10,9999-01-01,Marketing,Staff
244308,1991-07-23,9999-01-01,Marketing,Senior Staff
244605,1998-10-10,9999-01-01,Finance,Senior Staff
244624,1987-03-27,9999-01-01,Research,Senior Staff
244711,1991-03-20,9999-01-01,Production,Assistant Engineer
244714,1996-05-06,9999-01-01,Production,Senior Engineer
244820,1987-04-13,9999-01-01,Development,Senior Engineer
244873,1986-05-20,9999-01-01,Sales,Senior Staff
245164,1996-10-24,9999-01-01,Production,Senior Engineer
245396,1995-03-04,9999-01-01,Human Resources,Senior Staff
245664,1998-11-17,9999-01-01,Sales,Staff
246146,1987-09-04,9999-01-01,Quality Management,Engineer
246244,2000-01-20,9999-01-01,Human Resources,Staff
246364,1998-10-29,9999-01-01,Development,Engineer
246764,1997-11-29,9999-01-01,Sales,Staff
246798,2001-12-07,9999-01-01,Marketing,Staff
246902,1998-04-19,9999-01-01,Human Resources,Staff
247089,1992-12-10,9999-01-01,Sales,Staff
247122,1992-02-14,9999-01-01,Human Resources,Staff
247447,1994-03-18,9999-01-01,Production,Senior Engineer
247456,1997-07-31,9999-01-01,Production,Engineer
247612,1997-05-25,9999-01-01,Development,Engineer
247875,1991-04-23,9999-01-01,Marketing,Senior Staff
247888,1985-09-06,9999-01-01,Quality Management,Senior Engineer
248256,1996-08-29,9999-01-01,Sales,Staff
248351,1985-06-02,9999-01-01,Marketing,Senior Staff
248758,1994-12-25,9999-01-01,Customer Service,Staff
248953,1996-08-29,9999-01-01,Production,Assistant Engineer
249239,1994-05-04,9999-01-01,Development,Senior Engineer
249325,1997-06-09,9999-01-01,Sales,Staff
249433,1988-06-03,9999-01-01,Production,Engineer
249504,1995-10-20,9999-01-01,Research,Engineer
249780,1993-07-09,9999-01-01,Customer Service,Engineer
249799,1993-12-27,9999-01-01,Development,Engineer
249866,1989-01-14,9999-01-01,Sales,Senior Staff
249969,1991-06-10,9999-01-01,Production,Engineer
250411,1989-01-20,9999-01-01,Sales,Senior Staff
250452,2000-01-17,9999-01-01,Development,Senior Engineer
250748,1987-02-10,9999-01-01,Development,Engineer
251166,1985-10-05,9999-01-01,Finance,Senior Staff
251233,1993-02-19,9999-01-01,Production,Engineer
251301,1989-05-06,9999-01-01,Sales,Senior Staff
251341,1992-12-05,9999-01-01,Human Resources,Senior Staff
251403,1997-11-19,9999-01-01,Development,Technique Leader
251437,1989-10-17,9999-01-01,Development,Engineer
251645,1992-06-17,9999-01-01,Sales,Staff
251680,1990-08-14,9999-01-01,Development,Senior Engineer
251814,1998-09-14,9999-01-01,Production,Technique Leader
252185,1997-04-14,9999-01-01,Quality Management,Engineer
252316,1994-10-08,9999-01-01,Development,Engineer
252392,1993-12-26,9999-01-01,Production,Engineer
253029,1995-04-05,9999-01-01,Quality Management,Engineer
253707,1998-02-11,9999-01-01,Sales,Staff
253838,1999-02-21,9999-01-01,Production,Assistant Engineer
253893,1993-05-10,9999-01-01,Production,Senior Engineer
254044,1992-04-10,9999-01-01,Quality Management,Engineer
254399,1999-09-16,9999-01-01,Production,Technique Leader
254821,1994-12-12,9999-01-01,Sales,Staff
255466,1985-07-03,9999-01-01,Production,Senior Engineer
255657,1985-02-10,9999-01-01,Development,Engineer
255779,1997-09-04,9999-01-01,Production,Technique Leader
256216,1997-11-22,9999-01-01,Production,Engineer
256856,1987-06-17,9999-01-01,Human Resources,Senior Staff
256881,1990-08-10,9999-01-01,Development,Engineer
256888,1993-09-15,9999-01-01,Marketing,Staff
257062,1989-06-21,9999-01-01,Development,Engineer
257378,1988-09-03,9999-01-01,Marketing,Senior Staff
257469,1988-01-06,9999-01-01,Finance,Senior Staff
257484,1986-12-07,9999-01-01,Human Resources,Senior Staff
258028,2001-07-03,9999-01-01,Research,Engineer
258124,1990-07-28,9999-01-01,Sales,Senior Staff
258470,1995-02-14,9999-01-01,Sales,Staff
258643,1992-02-27,9999-01-01,Development,Engineer
259042,1997-01-01,9999-01-01,Sales,Staff
259237,1987-10-23,9999-01-01,Customer Service,Staff
259273,1989-12-01,9999-01-01,Production,Senior Engineer
259611,1990-08-21,9999-01-01,Sales,Senior Staff
259619,1992-05-09,9999-01-01,Finance,Senior Staff
259718,1993-12-13,9999-01-01,Development,Senior Staff
260153,1991-10-14,9999-01-01,Development,Technique Leader
260249,1998-05-14,9999-01-01,Customer Service,Staff
260361,1997-10-09,9999-01-01,Production,Engineer
260399,1989-04-10,9999-01-01,Finance,Staff
260408,1996-09-03,9999-01-01,Customer Service,Senior Staff
260501,1990-05-17,9999-01-01,Development,Technique Leader
261184,1987-08-29,9999-01-01,Production,Senior Engineer
261631,1998-02-23,9999-01-01,Development,Engineer
261662,1989-09-08,9999-01-01,Finance,Senior Staff
261737,1990-11-22,9999-01-01,Production,Engineer
261986,1997-05-13,9999-01-01,Development,Senior Engineer
261990,1992-04-01,9999-01-01,Sales,Senior Staff
262208,1987-05-23,9999-01-01,Sales,Senior Staff
262210,1985-07-29,9999-01-01,Development,Senior Engineer
262328,1997-12-24,9999-01-01,Sales,Staff
262439,1985-10-10,9999-01-01,Marketing,Senior Staff
262636,1992-04-10,9999-01-01,Production,Senior Engineer
262752,1997-12-12,9999-01-01,Development,Engineer
262928,1995-02-20,9999-01-01,Quality Management,Engineer
263012,1999-05-01,9999-01-01,Human Resources,Staff
263186,1995-09-13,9999-01-01,Development,Technique Leader
263370,1999-05-29,9999-01-01,Sales,Staff
263439,1986-12-15,9999-01-01,Development,Senior Engineer
263645,1990-12-04,9999-01-01,Development,Senior Engineer
263649,1993-07-26,9999-01-01,Sales,Senior Staff
263926,1985-04-07,9999-01-01,Sales,Senior Staff
264030,1990-12-14,9999-01-01,Production,Engineer
264167,1996-05-01,9999-01-01,Development,Senior Engineer
264322,1991-01-06,9999-01-01,Sales,Senior Staff
264626,1993-02-03,9999-01-01,Marketing,Senior Staff
264939,1999-02-13,9999-01-01,Production,Engineer
265039,1992-10-18,9999-01-01,Finance,Senior Staff
265521,1993-05-25,9999-01-01,Production,Engineer
265558,1987-08-02,9999-01-01,Sales,Senior Staff
265794,1994-01-14,9999-01-01,Sales,Senior Staff
265875,1989-09-03,9999-01-01,Production,Engineer
266206,1985-08-19,9999-01-01,Marketing,Staff
266249,1991-03-28,9999-01-01,Sales,Senior Staff
266310,1987-06-24,9999-01-01,Research,Staff
266644,1993-08-09,9999-01-01,Finance,Staff
266862,1986-04-21,9999-01-01,Research,Senior Staff
266881,1997-02-04,9999-01-01,Marketing,Staff
267059,1991-06-29,9999-01-01,Customer Service,Senior Staff
267227,1995-01-22,9999-01-01,Production,Engineer
267304,1994-06-27,9999-01-01,Sales,Senior Staff
267667,1987-09-05,9999-01-01,Sales,Senior Staff
268043,1997-11-02,9999-01-01,Development,Engineer
268191,1990-11-01,9999-01-01,Production,Engineer
269728,1987-05-16,9999-01-01,Marketing,Senior Staff
270084,1986-07-26,9999-01-01,Marketing,Staff
270716,1998-02-04,9999-01-01,Sales,Staff
270794,1991-06-26,9999-01-01,Marketing,Senior Staff
271106,1997-11-30,9999-01-01,Production,Engineer
271219,1994-11-07,9999-01-01,Production,Engineer
272141,1996-07-31,9999-01-01,Development,Senior Staff
272285,1986-01-22,9999-01-01,Customer Service,Senior Staff
272316,1999-07-19,9999-01-01,Production,Engineer
272452,2002-02-27,9999-01-01,Research,Engineer
272599,1993-07-15,9999-01-01,Marketing,Senior Staff
272860,1994-02-10,9999-01-01,Production,Assistant Engineer
273159,1989-04-14,9999-01-01,Development,Technique Leader
273286,1989-01-23,9999-01-01,Development,Senior Engineer
273396,1998-03-07,9999-01-01,Development,Engineer
273806,1997-08-18,9999-01-01,Customer Service,Senior Staff
273858,1990-12-28,9999-01-01,Sales,Senior Staff
274071,1995-10-12,9999-01-01,Human Resources,Staff
274271,1986-09-10,9999-01-01,Sales,Senior Staff
274369,1997-01-27,9999-01-01,Research,Senior Staff
274813,1993-08-07,9999-01-01,Sales,Staff
275158,1999-12-08,9999-01-01,Development,Engineer
275263,1991-10-18,9999-01-01,Development,Engineer
275444,1993-01-21,9999-01-01,Development,Engineer
275495,1995-02-19,9999-01-01,Sales,Staff
275801,1986-06-28,9999-01-01,Sales,Senior Staff
275881,1988-05-18,9999-01-01,Production,Senior Engineer
275994,1991-02-21,9999-01-01,Production,Senior Engineer
276027,1986-02-28,9999-01-01,Research,Senior Staff
276184,1991-04-08,9999-01-01,Sales,Senior Staff
276186,1993-06-02,9999-01-01,Human Resources,Staff
276189,1995-03-19,9999-01-01,Human Resources,Senior Staff
276445,1988-07-02,9999-01-01,Production,Engineer
276472,1988-11-10,9999-01-01,Development,Senior Engineer
276563,1995-08-01,9999-01-01,Customer Service,Senior Staff
276868,1998-03-13,9999-01-01,Marketing,Staff
277316,1989-10-04,9999-01-01,Sales,Staff
277362,1991-01-12,9999-01-01,Customer Service,Senior Staff
277420,1995-04-22,9999-01-01,Production,Engineer
277777,1990-07-04,9999-01-01,Development,Senior Engineer
277829,1986-06-02,9999-01-01,Development,Senior Engineer
278239,1994-02-06,9999-01-01,Research,Staff
278386,1995-12-03,9999-01-01,Quality Management,Technique Leader
278452,1987-08-29,9999-01-01,Human Resources,Senior Staff
278536,1992-01-10,9999-01-01,Marketing,Staff
278549,1989-07-27,9999-01-01,Sales,Senior Staff
278953,1990-08-11,9999-01-01,Development,Senior Engineer
279115,1997-11-29,9999-01-01,Development,Engineer
279280,1992-09-21,9999-01-01,Production,Engineer
279791,1986-12-24,9999-01-01,Development,Engineer
280070,1988-03-29,9999-01-01,Human Resources,Senior Staff
280291,1998-11-24,9999-01-01,Customer Service,Staff
280420,1986-09-28,9999-01-01,Sales,Senior Staff
280525,1996-08-18,9999-01-01,Sales,Staff
280648,1986-12-27,9999-01-01,Production,Engineer
281570,1994-09-13,9999-01-01,Development,Assistant Engineer
281692,1990-03-03,9999-01-01,Quality Management,Senior Engineer
281848,1993-07-31,9999-01-01,Development,Senior Engineer
281859,1985-11-25,9999-01-01,Production,Engineer
282191,1997-10-20,9999-01-01,Development,Engineer
282333,1993-09-09,9999-01-01,Research,Staff
282343,1988-07-20,9999-01-01,Sales,Staff
282547,1999-06-14,9999-01-01,Development,Engineer
282585,1996-07-01,9999-01-01,Customer Service,Staff
282894,1989-05-03,9999-01-01,Development,Senior Engineer
284300,1991-11-29,9999-01-01,Marketing,Senior Staff
284431,1996-04-16,9999-01-01,Sales,Staff
284561,1988-02-15,9999-01-01,Quality Management,Senior Engineer
284687,1985-06-22,9999-01-01,Development,Engineer
284691,1988-08-17,9999-01-01,Development,Engineer
284711,1988-02-10,9999-01-01,Development,Senior Engineer
284717,1992-11-07,9999-01-01,Development,Engineer
284856,1991-12-12,9999-01-01,Quality Management,Senior Engineer
284954,1996-01-30,9999-01-01,Quality Management,Engineer
285164,1994-10-03,9999-01-01,Sales,Staff
285396,1986-10-04,9999-01-01,Development,Engineer
285905,1994-11-04,9999-01-01,Research,Senior Staff
285906,1998-03-26,9999-01-01,Development,Engineer
286026,1991-02-25,9999-01-01,Sales,Senior Staff
286029,1996-07-16,9999-01-01,Customer Service,Staff
286370,1995-01-19,9999-01-01,Human Resources,Staff
286452,1999-01-31,9999-01-01,Development,Engineer
286573,1994-07-29,9999-01-01,Production,Engineer
286779,1998-08-31,9999-01-01,Production,Engineer
286986,1996-05-23,9999-01-01,Development,Senior Engineer
287323,1999-09-15,9999-01-01,Sales,Staff
287327,1993-07-15,9999-01-01,Human Resources,Senior Staff
287334,1998-08-08,9999-01-01,Production,Engineer
287482,1994-03-18,9999-01-01,Quality Management,Senior Engineer
287583,1990-06-21,9999-01-01,Production,Senior Engineer
287609,1988-01-20,9999-01-01,Development,Senior Engineer
287713,1992-12-07,9999-01-01,Finance,Senior Staff
287808,1996-06-17,9999-01-01,Development,Technique Leader
287983,1990-09-07,9999-01-01,Marketing,Senior Staff
287984,1991-02-12,9999-01-01,Development,Senior Engineer
288028,1985-12-16,9999-01-01,Development,Engineer
288142,1989-04-01,9999-01-01,Sales,Senior Staff
288166,1994-09-05,9999-01-01,Human Resources,Staff
288560,1994-02-07,9999-01-01,Marketing,Staff
288563,1996-01-09,9999-01-01,Production,Engineer
288606,1991-11-15,9999-01-01,Sales,Senior Staff
288665,1998-11-19,9999-01-01,Development,Senior Engineer
288893,1991-01-27,9999-01-01,Development,Senior Engineer
289454,1985-03-08,9999-01-01,Development,Senior Engineer
289687,1985-10-30,9999-01-01,Research,Senior Staff
289807,1994-09-04,9999-01-01,Customer Service,Staff
289909,1993-04-24,9999-01-01,Sales,Senior Staff
290009,1989-07-09,9999-01-01,Human Resources,Staff
290075,1990-10-01,9999-01-01,Human Resources,Senior Staff
290284,1996-01-11,9999-01-01,Development,Engineer
290441,1987-09-09,9999-01-01,Sales,Senior Staff
290467,1987-04-15,9999-01-01,Research,Senior Staff
290478,1989-08-07,9999-01-01,Quality Management,Assistant Engineer
290563,1986-02-26,9999-01-01,Production,Senior Engineer
290769,1999-02-01,9999-01-01,Development,Senior Engineer
291352,1997-08-26,9999-01-01,Research,Technique Leader
291612,1998-07-08,9999-01-01,Development,Engineer
291669,1999-09-13,9999-01-01,Development,Engineer
292110,1996-08-09,9999-01-01,Development,Engineer
292146,2002-01-09,9999-01-01,Development,Engineer
292210,1996-11-23,9999-01-01,Development,Engineer
292404,1990-02-22,9999-01-01,Research,Senior Staff
292504,1994-03-02,9999-01-01,Quality Management,Senior Engineer
292515,1989-08-03,9999-01-01,Development,Assistant Engineer
292828,1986-01-08,9999-01-01,Production,Engineer
293080,1987-05-30,9999-01-01,Human Resources,Senior Staff
293154,1993-06-06,9999-01-01,Marketing,Senior Staff
293280,1987-01-22,9999-01-01,Development,Engineer
293329,1986-06-12,9999-01-01,Development,Engineer
293746,1995-08-27,9999-01-01,Development,Engineer
293752,1986-02-18,9999-01-01,Sales,Senior Staff
294144,1992-01-11,9999-01-01,Sales,Senior Staff
294241,1994-07-26,9999-01-01,Finance,Senior Staff
294446,1999-08-13,9999-01-01,Finance,Staff
294461,1985-11-18,9999-01-01,Development,Senior Engineer
294527,1992-02-02,9999-01-01,Marketing,Senior Staff
294652,1998-12-21,9999-01-01,Research,Engineer
294791,1999-10-08,9999-01-01,Development,Assistant Engineer
294857,1986-07-29,9999-01-01,Development,Engineer
295030,1985-07-09,9999-01-01,Customer Service,Senior Staff
295236,1987-09-13,9999-01-01,Development,Engineer
295254,1985-07-24,9999-01-01,Human Resources,Senior Staff
295255,1988-03-13,9999-01-01,Production,Technique Leader
295262,1994-08-06,9999-01-01,Production,Assistant Engineer
295268,1996-12-19,9999-01-01,Human Resources,Staff
295278,1990-01-02,9999-01-01,Development,Senior Engineer
295411,1997-04-04,9999-01-01,Sales,Staff
295857,1989-12-26,9999-01-01,Human Resources,Senior Staff
296062,1998-10-03,9999-01-01,Research,Staff
296303,1992-08-04,9999-01-01,Development,Technique Leader
296428,1989-03-07,9999-01-01,Sales,Staff
296664,1987-09-17,9999-01-01,Production,Senior Engineer
296687,1991-05-11,9999-01-01,Research,Senior Staff
296718,1987-12-22,9999-01-01,Production,Senior Engineer
297232,1999-05-25,9999-01-01,Sales,Senior Staff
297431,1996-06-23,9999-01-01,Marketing,Senior Staff
297474,1998-03-11,9999-01-01,Research,Staff
297905,1997-06-18,9999-01-01,Development,Assistant Engineer
297954,1995-07-24,9999-01-01,Production,Assistant Engineer
298339,1986-09-04,9999-01-01,Development,Engineer
298577,1985-12-02,9999-01-01,Finance,Senior Staff
298953,1998-12-29,9999-01-01,Finance,Staff
299346,1991-02-21,9999-01-01,Human Resources,Senior Staff
299580,1997-01-23,9999-01-01,Quality Management,Engineer
299718,1997-06-22,9999-01-01,Research,Senior Staff
299737,1985-05-21,9999-01-01,Sales,Senior Staff
400046,1996-10-07,9999-01-01,Development,Senior Staff
400358,1989-04-13,9999-01-01,Development,Engineer
400683,1995-08-05,9999-01-01,Sales,Staff
400780,1993-11-07,9999-01-01,Development,Engineer
400796,1996-05-30,9999-01-01,Development,Engineer
401154,1987-05-20,9999-01-01,Human Resources,Senior Staff
401278,1986-11-11,9999-01-01,Production,Engineer
401333,1986-11-04,9999-01-01,Production,Senior Engineer
401420,1987-01-31,9999-01-01,Customer Service,Senior Staff
401574,1988-01-15,9999-01-01,Production,Technique Leader
402025,1987-09-20,9999-01-01,Quality Management,Engineer
402102,1995-03-19,9999-01-01,Development,Engineer
402664,1987-01-25,9999-01-01,Production,Senior Engineer
402718,1990-02-14,9999-01-01,Development,Senior Engineer
402827,2002-03-24,9999-01-01,Human Resources,Senior Staff
403010,1985-02-18,9999-01-01,Development,Senior Engineer
403621,1988-06-04,9999-01-01,Marketing,Senior Staff
403644,1995-07-08,9999-01-01,Human Resources,Staff
403954,1990-07-26,9999-01-01,Development,Engineer
404018,1998-10-19,9999-01-01,Development,Senior Engineer
404236,1988-07-22,9999-01-01,Development,Engineer
404462,1985-07-13,9999-01-01,Development,Senior Engineer
404573,1997-07-05,9999-01-01,Human Resources,Staff
404755,1991-04-20,9999-01-01,Marketing,Staff
404788,1998-03-16,9999-01-01,Development,Engineer
405015,1988-06-29,9999-01-01,Sales,Senior Staff
405063,2001-11-16,9999-01-01,Production,Senior Engineer
406125,1987-09-27,9999-01-01,Production,Technique Leader
406239,1995-05-15,9999-01-01,Development,Engineer
406564,1995-04-16,9999-01-01,Development,Engineer
406714,1986-11-21,9999-01-01,Research,Staff
406847,1999-10-05,9999-01-01,Sales,Staff
407522,1996-08-29,9999-01-01,Finance,Staff
407837,1988-04-02,9999-01-01,Quality Management,Senior Engineer
408019,1986-03-22,9999-01-01,Production,Assistant Engineer
408114,1994-01-03,9999-01-01,Development,Engineer
408163,2000-08-12,9999-01-01,Development,Senior Engineer
408417,1994-09-28,9999-01-01,Sales,Staff
408437,1994-09-22,9999-01-01,Customer Service,Senior Staff
408447,2001-02-20,9999-01-01,Sales,Staff
408654,1986-10-27,9999-01-01,Customer Service,Senior Staff
408953,1993-12-24,9999-01-01,Development,Senior Engineer
409391,1999-02-28,9999-01-01,Production,Engineer
409798,1995-01-19,9999-01-01,Production,Technique Leader
409805,1999-03-05,9999-01-01,Quality Management,Senior Engineer
409898,1989-09-22,9999-01-01,Development,Senior Engineer
410028,1985-09-17,9999-01-01,Human Resources,Senior Staff
410372,1990-03-04,9999-01-01,Development,Engineer
410433,1992-10-06,9999-01-01,Production,Senior Engineer
410616,1994-04-14,9999-01-01,Development,Senior Engineer
410804,1992-06-08,9999-01-01,Production,Engineer
410881,2000-04-05,9999-01-01,Quality Management,Senior Engineer
411070,1987-05-28,9999-01-01,Development,Engineer
411082,1992-04-28,9999-01-01,Production,Senior Engineer
411143,1996-09-01,9999-01-01,Marketing,Senior Staff
412404,1999-10-28,9999-01-01,Production,Senior Engineer
412757,1999-11-20,9999-01-01,Development,Engineer
413098,1993-04-17,9999-01-01,Research,Senior Staff
413205,1988-06-12,9999-01-01,Sales,Senior Staff
413666,1988-04-18,9999-01-01,Finance,Senior Staff
413729,1992-04-26,9999-01-01,Development,Technique Leader
413831,1991-11-25,9999-01-01,Customer Service,Senior Staff
413832,1995-03-28,9999-01-01,Human Resources,Senior Staff
414027,1993-02-20,9999-01-01,Customer Service,Senior Engineer
414091,1997-08-19,9999-01-01,Development,Engineer
414543,1988-11-19,9999-01-01,Production,Senior Engineer
414551,1994-09-13,9999-01-01,Development,Engineer
414662,1985-09-20,9999-01-01,Development,Engineer
414714,1996-11-07,9999-01-01,Research,Senior Staff
414814,1999-02-28,9999-01-01,Development,Staff
414897,1989-11-03,9999-01-01,Sales,Senior Staff
415187,1998-09-01,9999-01-01,Production,Assistant Engineer
415338,1995-12-24,9999-01-01,Production,Assistant Engineer
415363,1995-02-23,9999-01-01,Marketing,Senior Staff
415563,1986-03-12,9999-01-01,Development,Engineer
416074,1987-05-11,9999-01-01,Development,Engineer
416383,1990-03-02,9999-01-01,Development,Senior Engineer
416420,1986-08-08,9999-01-01,Sales,Senior Staff
416492,1992-08-12,9999-01-01,Development,Senior Engineer
416660,1987-09-16,9999-01-01,Development,Assistant Engineer
416720,1991-09-19,9999-01-01,Production,Engineer
416877,1988-12-07,9999-01-01,Marketing,Senior Staff
416892,1996-08-16,9999-01-01,Production,Engineer
417435,1999-01-29,9999-01-01,Sales,Senior Staff
418239,1996-03-26,9999-01-01,Production,Senior Engineer
418247,2002-07-27,9999-01-01,Marketing,Senior Staff
418298,1995-03-02,9999-01-01,Production,Engineer
418309,1985-02-21,9999-01-01,Production,Senior Engineer
418380,1993-05-20,9999-01-01,Production,Senior Engineer
418566,1996-06-14,9999-01-01,Production,Senior Engineer
418606,1994-01-05,9999-01-01,Production,Engineer
418717,1987-12-23,9999-01-01,Sales,Senior Staff
418860,1992-11-22,9999-01-01,Marketing,Senior Staff
419099,1998-05-06,9999-01-01,Sales,Staff
419953,1991-07-22,9999-01-01,Marketing,Staff
420086,1985-05-28,9999-01-01,Development,Senior Engineer
420476,1985-06-15,9999-01-01,Customer Service,Senior Staff
420557,1989-08-02,9999-01-01,Sales,Staff
420694,1986-11-04,9999-01-01,Research,Staff
420732,1996-05-27,9999-01-01,Marketing,Staff
420759,1997-10-03,9999-01-01,Sales,Staff
420765,1990-03-09,9999-01-01,Sales,Staff
420877,1990-02-11,9999-01-01,Finance,Staff
421022,1996-07-13,9999-01-01,Sales,Senior Staff
421033,1989-12-23,9999-01-01,Sales,Senior Staff
421074,1994-06-29,9999-01-01,Sales,Staff
421312,1999-09-18,9999-01-01,Development,Engineer
421384,1987-06-01,9999-01-01,Human Resources,Staff
421755,1989-01-11,9999-01-01,Production,Assistant Engineer
422146,2002-03-13,9999-01-01,Research,Engineer
422783,1995-09-01,9999-01-01,Production,Engineer
423038,1988-10-04,9999-01-01,Sales,Senior Staff
423204,1991-09-13,9999-01-01,Sales,Staff
423208,1995-02-08,9999-01-01,Development,Engineer
423214,1987-09-24,9999-01-01,Finance,Senior Staff
423327,1994-06-26,9999-01-01,Sales,Senior Staff
423350,1988-04-15,9999-01-01,Sales,Senior Staff
423633,1985-02-11,9999-01-01,Development,Senior Engineer
423993,1988-12-09,9999-01-01,Development,Technique Leader
424569,1997-10-30,9999-01-01,Development,Engineer
424584,1994-02-26,9999-01-01,Development,Senior Engineer
424685,1997-03-03,9999-01-01,Finance,Senior Staff
424797,1985-05-16,9999-01-01,Sales,Staff
424805,1987-12-17,9999-01-01,Sales,Senior Staff
424930,1988-11-18,9999-01-01,Human Resources,Senior Staff
424984,1996-05-26,9999-01-01,Development,Engineer
425437,1999-03-23,9999-01-01,Development,Engineer
425535,1986-08-23,9999-01-01,Marketing,Staff
425540,1995-11-12,9999-01-01,Finance,Senior Staff
425757,1995-01-31,9999-01-01,Production,Senior Staff
425780,1989-10-25,9999-01-01,Sales,Senior Staff
425830,1999-02-13,9999-01-01,Development,Engineer
425875,1990-06-11,9999-01-01,Sales,Staff
426153,1999-04-06,9999-01-01,Sales,Senior Staff
426168,1987-11-18,9999-01-01,Finance,Staff
426228,1996-08-17,9999-01-01,Development,Engineer
426235,1991-03-29,9999-01-01,Human Resources,Staff
426644,1995-01-19,9999-01-01,Production,Engineer
426706,1994-03-15,9999-01-01,Production,Senior Engineer
426795,1986-07-23,9999-01-01,Customer Service,Staff
426818,1992-02-15,9999-01-01,Customer Service,Senior Staff
426819,1997-05-16,9999-01-01,Production,Engineer
426824,1997-12-07,9999-01-01,Customer Service,Staff
426958,1985-10-03,9999-01-01,Production,Engineer
427313,1986-12-04,9999-01-01,Research,Senior Staff
427320,2000-01-13,9999-01-01,Development,Senior Engineer
427332,1995-06-04,9999-01-01,Customer Service,Staff
427571,1995-07-03,9999-01-01,Research,Engineer
427776,1989-04-04,9999-01-01,Finance,Staff
427805,1997-10-15,9999-01-01,Finance,Senior Staff
427823,1999-07-13,9999-01-01,Customer Service,Staff
427852,1992-07-20,9999-01-01,Production,Senior Engineer
428082,1991-09-11,9999-01-01,Human Resources,Staff
428160,1998-09-06,9999-01-01,Marketing,Senior Staff
428195,1993-08-02,9999-01-01,Human Resources,Senior Staff
428219,1987-12-26,9999-01-01,Sales,Staff
428917,1989-02-17,9999-01-01,Development,Senior Engineer
429087,1992-10-15,9999-01-01,Quality Management,Technique Leader
429231,1985-09-07,9999-01-01,Sales,Staff
429238,1989-05-11,9999-01-01,Sales,Senior Staff
429249,1993-11-09,9999-01-01,Research,Senior Engineer
429316,1994-08-10,9999-01-01,Finance,Senior Staff
429381,1986-11-26,9999-01-01,Sales,Senior Staff
429481,1996-03-06,9999-01-01,Development,Engineer
429520,1999-12-01,9999-01-01,Quality Management,Engineer
429532,1992-06-06,9999-01-01,Customer Service,Senior Staff
429569,1992-09-03,9999-01-01,Development,Engineer
429703,1986-09-02,9999-01-01,Human Resources,Senior Staff
429899,1999-08-13,9999-01-01,Marketing,Staff
429954,1999-02-27,9999-01-01,Sales,Staff
430054,1993-06-10,9999-01-01,Development,Senior Engineer
430558,1988-03-01,9999-01-01,Quality Management,Senior Engineer
430593,1997-12-01,9999-01-01,Customer Service,Senior Staff
430631,1994-02-19,9999-01-01,Development,Engineer
430891,1991-08-06,9999-01-01,Production,Senior Engineer
431576,1993-04-12,9999-01-01,Human Resources,Staff
431657,1986-11-14,9999-01-01,Development,Engineer
431882,1997-06-19,9999-01-01,Development,Engineer
431887,1996-06-01,9999-01-01,Development,Senior Engineer
432031,1987-03-01,9999-01-01,Sales,Staff
432034,1994-07-10,9999-01-01,Marketing,Senior Staff
432121,1986-11-15,9999-01-01,Customer Service,Staff
432257,1998-12-22,9999-01-01,Production,Engineer
432261,1987-07-28,9999-01-01,Development,Senior Engineer
432399,1993-09-29,9999-01-01,Customer Service,Senior Engineer
432523,1997-07-21,9999-01-01,Development,Engineer
432665,1994-05-28,9999-01-01,Development,Senior Engineer
432787,1996-11-23,9999-01-01,Development,Senior Engineer
432956,1986-05-13,9999-01-01,Marketing,Senior Staff
433059,1995-02-04,9999-01-01,Sales,Staff
433157,1999-10-23,9999-01-01,Sales,Staff
433260,1991-06-01,9999-01-01,Quality Management,Engineer
433438,1993-09-12,9999-01-01,Research,Senior Staff
434845,1985-06-07,9999-01-01,Sales,Staff
434936,1994-06-24,9999-01-01,Development,Engineer
435042,1995-10-09,9999-01-01,Sales,Staff
435060,1996-07-12,9999-01-01,Sales,Staff
435181,1992-05-10,9999-01-01,Marketing,Senior Staff
435289,1987-02-15,9999-01-01,Marketing,Senior Staff
435305,1993-01-23,9999-01-01,Sales,Senior Staff
435370,1991-05-17,9999-01-01,Sales,Senior Staff
435588,1994-04-12,9999-01-01,Human Resources,Staff
435602,1992-10-04,9999-01-01,Sales,Senior Staff
435774,1992-04-01,9999-01-01,Sales,Senior Staff
435791,1994-03-07,9999-01-01,Quality Management,Senior Engineer
436558,1992-05-24,9999-01-01,Development,Senior Engineer
436797,1990-11-03,9999-01-01,Finance,Senior Staff
436827,1988-03-10,9999-01-01,Human Resources,Senior Staff
436915,1998-10-11,9999-01-01,Research,Staff
437276,1987-12-07,9999-01-01,Finance,Staff
437369,1995-01-25,9999-01-01,Sales,Senior Staff
437395,1996-08-24,9999-01-01,Marketing,Senior Staff
437724,1994-12-14,9999-01-01,Human Resources,Staff
437870,2001-03-17,9999-01-01,Development,Staff
438038,2001-10-03,9999-01-01,Marketing,Senior Staff
438264,1991-09-27,9999-01-01,Customer Service,Senior Staff
438557,1999-09-16,9999-01-01,Development,Engineer
439377,1997-07-04,9999-01-01,Development,Senior Engineer
439905,1990-03-16,9999-01-01,Customer Service,Senior Staff
439924,1994-08-14,9999-01-01,Finance,Senior Staff
440325,1999-09-25,9999-01-01,Sales,Senior Staff
440435,1991-11-26,9999-01-01,Development,Senior Engineer
440450,1994-06-16,9999-01-01,Human Resources,Senior Staff
440642,1988-01-06,9999-01-01,Sales,Senior Staff
440870,1996-10-14,9999-01-01,Customer Service,Senior Staff
440937,1992-10-13,9999-01-01,Research,Senior Staff
441197,1985-06-28,9999-01-01,Sales,Senior Staff
441536,1995-10-09,9999-01-01,Production,Senior Engineer
441954,1999-06-13,9999-01-01,Production,Engineer
441965,1988-08-30,9999-01-01,Research,Staff
442002,1992-03-17,9999-01-01,Sales,Staff
442096,1990-06-15,9999-01-01,Production,Senior Engineer
442312,1991-06-07,9999-01-01,Production,Senior Engineer
442490,1994-10-17,9999-01-01,Production,Engineer
442653,1995-10-20,9999-01-01,Development,Engineer
442700,1997-08-11,9999-01-01,Research,Staff
442898,1999-06-27,9999-01-01,Production,Engineer
443108,1998-11-29,9999-01-01,Human Resources,Senior Staff
443485,1990-04-14,9999-01-01,Research,Senior Staff
443841,1992-07-16,9999-01-01,Sales,Senior Staff
443873,2000-06-16,9999-01-01,Sales,Senior Staff
444070,1990-11-27,9999-01-01,Customer Service,Staff
444099,1988-03-22,9999-01-01,Sales,Staff
444208,1985-10-30,9999-01-01,Sales,Senior Staff
444465,1998-10-25,9999-01-01,Production,Senior Engineer
444487,1994-04-09,9999-01-01,Development,Senior Engineer
444643,1998-06-28,9999-01-01,Research,Staff
445067,1990-02-27,9999-01-01,Quality Management,Engineer
445152,1985-03-20,9999-01-01,Research,Staff
445226,1987-01-22,9999-01-01,Production,Engineer
445570,1986-08-11,9999-01-01,Development,Technique Leader
445723,1991-07-12,9999-01-01,Production,Senior Staff
445941,1985-09-25,9999-01-01,Production,Technique Leader
445950,1992-12-09,9999-01-01,Quality Management,Engineer
446121,1999-12-13,9999-01-01,Sales,Staff
446306,1991-06-10,9999-01-01,Production,Senior Engineer
446424,1985-11-24,9999-01-01,Development,Engineer
446897,1992-09-30,9999-01-01,Production,Technique Leader
446959,1995-01-28,9999-01-01,Development,Senior Engineer
447018,1992-12-04,9999-01-01,Production,Engineer
447135,1989-08-24,9999-01-01,Human Resources,Senior Staff
447232,2000-01-10,9999-01-01,Customer Service,Senior Staff
447376,1999-12-10,9999-01-01,Research,Staff
447544,1989-02-19,9999-01-01,Sales,Senior Staff
447613,1986-11-21,9999-01-01,Development,Engineer
447877,1988-07-02,9999-01-01,Quality Management,Engineer
447931,1990-12-14,9999-01-01,Sales,Staff
447966,1997-01-17,9999-01-01,Production,Senior Engineer
447982,1990-12-17,9999-01-01,Production,Engineer
447999,1990-08-01,9999-01-01,Development,Engineer
448769,1997-10-11,9999-01-01,Production,Technique Leader
448900,1999-05-11,9999-01-01,Sales,Staff
448918,1989-10-06,9999-01-01,Production,Engineer
448994,1997-02-11,9999-01-01,Finance,Staff
449189,1995-09-30,9999-01-01,Sales,Senior Staff
449815,1988-04-20,9999-01-01,Research,Senior Staff
449984,1985-11-20,9999-01-01,Development,Senior Engineer
450184,1993-03-09,9999-01-01,Development,Senior Engineer
450255,1986-06-14,9999-01-01,Development,Technique Leader
450309,1986-12-25,9999-01-01,Quality Management,Technique Leader
450475,1991-01-29,9999-01-01,Finance,Senior Staff
450817,1987-07-17,9999-01-01,Quality Management,Engineer
450888,1995-03-25,9999-01-01,Sales,Senior Staff
450934,1992-05-25,9999-01-01,Production,Senior Engineer
450936,1991-12-11,9999-01-01,Finance,Senior Staff
451253,1991-06-21,9999-01-01,Sales,Staff
451272,1991-04-24,9999-01-01,Development,Senior Engineer
451275,1986-06-07,9999-01-01,Research,Senior Staff
451333,1995-03-11,9999-01-01,Human Resources,Senior Staff
452137,1999-01-09,9999-01-01,Customer Service,Senior Engineer
452206,1994-11-03,9999-01-01,Sales,Staff
452325,1996-12-02,9999-01-01,Development,Engineer
452347,1996-07-13,9999-01-01,Sales,Senior Staff
452365,1988-11-13,9999-01-01,Development,Assistant Engineer
452956,1990-11-07,9999-01-01,Customer Service,Senior Engineer
452957,1996-02-10,9999-01-01,Sales,Staff
452982,1994-12-29,9999-01-01,Marketing,Senior Staff
453070,1991-04-25,9999-01-01,Human Resources,Senior Staff
453154,1996-03-01,9999-01-01,Customer Service,Staff
453644,1992-06-08,9999-01-01,Marketing,Senior Staff
453688,1995-10-28,9999-01-01,Quality Management,Engineer
453723,1985-12-13,9999-01-01,Production,Engineer
453760,1996-06-21,9999-01-01,Customer Service,Senior Staff
453790,1994-10-12,9999-01-01,Development,Engineer
453913,1993-04-29,9999-01-01,Marketing,Senior Staff
454338,1998-08-03,9999-01-01,Quality Management,Engineer
454378,1998-01-03,9999-01-01,Production,Technique Leader
454736,1995-06-05,9999-01-01,Development,Engineer
454791,1994-07-09,9999-01-01,Production,Senior Engineer
454825,1995-05-25,9999-01-01,Production,Engineer
454994,1991-02-24,9999-01-01,Production,Senior Engineer
455175,1992-02-22,9999-01-01,Marketing,Senior Staff
455284,1996-07-12,9999-01-01,Quality Management,Senior Engineer
455726,1987-12-13,9999-01-01,Sales,Senior Staff
455814,1991-07-19,9999-01-01,Production,Engineer
455914,1989-07-23,9999-01-01,Development,Engineer
456767,1987-07-17,9999-01-01,Sales,Staff
456982,1989-01-05,9999-01-01,Development,Engineer
457070,1987-08-06,9999-01-01,Human Resources,Staff
457146,1999-01-07,9999-01-01,Research,Staff
457305,1994-09-03,9999-01-01,Sales,Staff
457337,1995-04-27,9999-01-01,Quality Management,Technique Leader
457411,1988-04-18,9999-01-01,Development,Senior Engineer
457489,1985-05-14,9999-01-01,Production,Senior Engineer
457611,1998-09-18,9999-01-01,Development,Engineer
457776,1987-12-21,9999-01-01,Production,Engineer
457813,1992-01-24,9999-01-01,Production,Senior Engineer
457832,1997-09-12,9999-01-01,Development,Senior Engineer
457938,1997-10-22,9999-01-01,Customer Service,Senior Staff
458111,1999-11-07,9999-01-01,Production,Engineer
458134,1985-03-20,9999-01-01,Human Resources,Staff
458191,1997-07-02,9999-01-01,Research,Staff
458383,1999-04-23,9999-01-01,Development,Engineer
458726,1986-12-26,9999-01-01,Customer Service,Staff
458790,1988-11-19,9999-01-01,Production,Engineer
459172,1993-11-20,9999-01-01,Development,Assistant Engineer
459356,1998-12-25,9999-01-01,Development,Engineer
459429,1992-05-27,9999-01-01,Sales,Senior Staff
459685,1998-03-12,9999-01-01,Quality Management,Engineer
460131,1997-07-25,9999-01-01,Sales,Staff
460691,1989-12-06,9999-01-01,Human Resources,Senior Staff
460707,1996-12-25,9999-01-01,Development,Engineer
460920,1986-04-06,9999-01-01,Sales,Senior Staff
461120,2001-04-01,9999-01-01,Research,Engineer
461270,1996-01-03,9999-01-01,Sales,Staff
461801,1993-04-18,9999-01-01,Customer Service,Staff
462493,1988-07-26,9999-01-01,Quality Management,Engineer
462795,1994-07-10,9999-01-01,Research,Staff
463023,1999-01-21,9999-01-01,Marketing,Staff
463099,1990-09-21,9999-01-01,Finance,Senior Staff
463212,2001-09-02,9999-01-01,Quality Management,Senior Engineer
463472,2000-06-11,9999-01-01,Customer Service,Technique Leader
463495,1988-05-06,9999-01-01,Human Resources,Senior Staff
464284,1993-05-19,9999-01-01,Sales,Senior Staff
464303,1986-08-02,9999-01-01,Customer Service,Senior Staff
465062,1988-05-07,9999-01-01,Production,Senior Engineer
465076,1985-05-05,9999-01-01,Production,Senior Engineer
465085,1996-03-18,9999-01-01,Customer Service,Senior Staff
465409,1985-08-27,9999-01-01,Marketing,Senior Staff
465501,1992-11-09,9999-01-01,Human Resources,Staff
465711,1990-04-21,9999-01-01,Development,Senior Engineer
465853,1998-10-16,9999-01-01,Human Resources,Staff
465874,1985-05-31,9999-01-01,Production,Engineer
466064,1994-06-13,9999-01-01,Sales,Senior Staff
466367,1989-06-05,9999-01-01,Customer Service,Senior Staff
466509,1988-03-22,9999-01-01,Development,Engineer
466603,1991-08-01,9999-01-01,Marketing,Staff
466745,1995-10-16,9999-01-01,Human Resources,Staff
467176,1993-06-18,9999-01-01,Human Resources,Staff
467269,1989-08-31,9999-01-01,Development,Technique Leader
467392,1995-04-13,9999-01-01,Production,Engineer
467441,1988-11-07,9999-01-01,Production,Engineer
467591,2001-03-06,9999-01-01,Marketing,Staff
467886,1996-01-24,9999-01-01,Marketing,Senior Staff
467918,1997-10-21,9999-01-01,Customer Service,Staff
468360,1994-08-10,9999-01-01,Development,Technique Leader
468417,1993-08-26,9999-01-01,Production,Engineer
468659,1989-11-05,9999-01-01,Development,Engineer
468773,1993-09-22,9999-01-01,Quality Management,Senior Engineer
469104,1999-01-22,9999-01-01,Quality Management,Engineer
469253,1993-09-17,9999-01-01,Development,Engineer
469269,1989-05-27,9999-01-01,Production,Engineer
469366,1990-12-30,9999-01-01,Quality Management,Engineer
469399,2000-06-06,9999-01-01,Production,Engineer
469527,1998-03-05,9999-01-01,Research,Staff
469529,1988-10-21,9999-01-01,Quality Management,Engineer
469735,1992-11-16,9999-01-01,Development,Senior Engineer
469867,1985-02-12,9999-01-01,Research,Senior Staff
470456,1986-03-29,9999-01-01,Sales,Staff
470472,1985-12-03,9999-01-01,Development,Senior Engineer
471397,1999-07-23,9999-01-01,Research,Engineer
471532,1998-09-13,9999-01-01,Development,Technique Leader
471552,1997-10-25,9999-01-01,Finance,Staff
471911,1990-05-31,9999-01-01,Quality Management,Assistant Engineer
471939,2001-06-04,9999-01-01,Production,Staff
472052,1995-12-09,9999-01-01,Development,Assistant Engineer
472143,1996-08-14,9999-01-01,Sales,Senior Staff
472238,1990-10-09,9999-01-01,Production,Senior Engineer
472790,1985-10-29,9999-01-01,Development,Senior Engineer
472950,1986-03-27,9999-01-01,Production,Senior Engineer
473268,1992-04-24,9999-01-01,Sales,Senior Staff
473299,1992-05-19,9999-01-01,Sales,Senior Staff
473490,1992-05-11,9999-01-01,Research,Senior Staff
473940,1998-01-10,9999-01-01,Production,Engineer
474331,1994-03-02,9999-01-01,Finance,Senior Staff
474763,1997-09-04,9999-01-01,Development,Engineer
474796,1987-08-17,9999-01-01,Customer Service,Technique Leader
475087,1988-10-21,9999-01-01,Production,Senior Engineer
475258,2000-02-12,9999-01-01,Production,Staff
475538,1998-10-31,9999-01-01,Human Resources,Staff
475938,1989-02-17,9999-01-01,Development,Engineer
475965,1985-07-10,9999-01-01,Development,Senior Engineer
476055,1993-03-07,9999-01-01,Research,Senior Staff
476122,1995-05-07,9999-01-01,Production,Engineer
476327,1995-05-29,9999-01-01,Production,Engineer
476361,1993-04-28,9999-01-01,Research,Technique Leader
477350,1998-07-08,9999-01-01,Sales,Staff
477578,1990-09-30,9999-01-01,Development,Senior Engineer
477969,1991-10-18,9999-01-01,Development,Engineer
478007,1991-09-21,9999-01-01,Production,Senior Engineer
478170,1995-04-13,9999-01-01,Development,Assistant Engineer
478218,1999-12-03,9999-01-01,Research,Engineer
478439,1997-11-04,9999-01-01,Development,Technique Leader
478768,1991-10-28,9999-01-01,Production,Senior Engineer
478799,1991-05-11,9999-01-01,Marketing,Senior Staff
478833,1992-09-19,9999-01-01,Production,Engineer
478858,1999-11-08,9999-01-01,Customer Service,Staff
479024,1996-12-21,9999-01-01,Production,Engineer
479407,1986-11-25,9999-01-01,Production,Senior Engineer
479601,1997-02-19,9999-01-01,Research,Staff
479695,1999-06-23,9999-01-01,Marketing,Senior Staff
480035,1990-08-26,9999-01-01,Development,Senior Staff
480066,1994-07-26,9999-01-01,Quality Management,Engineer
480178,1991-02-10,9999-01-01,Research,Senior Staff
480268,1989-03-30,9999-01-01,Development,Technique Leader
480407,1989-06-24,9999-01-01,Development,Senior Engineer
481050,1990-10-15,9999-01-01,Human Resources,Senior Staff
481213,1991-12-14,9999-01-01,Sales,Staff
481397,1998-08-13,9999-01-01,Production,Assistant Engineer
481764,1986-08-26,9999-01-01,Production,Senior Engineer
481790,1999-01-01,9999-01-01,Research,Senior Engineer
482335,1994-01-16,9999-01-01,Development,Engineer
482354,1999-11-06,9999-01-01,Research,Staff
482755,1994-10-31,9999-01-01,Marketing,Senior Staff
482885,1988-09-02,9999-01-01,Production,Engineer
482905,1991-09-10,9999-01-01,Finance,Senior Staff
482944,1991-10-26,9999-01-01,Sales,Staff
483401,1996-08-03,9999-01-01,Sales,Senior Staff
483675,1988-02-16,9999-01-01,Production,Engineer
483825,1992-11-20,9999-01-01,Production,Senior Engineer
483838,1997-12-18,9999-01-01,Production,Assistant Engineer
483978,1990-01-28,9999-01-01,Sales,Staff
484126,1989-04-07,9999-01-01,Human Resources,Senior Staff
484142,1987-04-23,9999-01-01,Human Resources,Senior Staff
484498,1996-08-22,9999-01-01,Production,Engineer
484756,1990-08-09,9999-01-01,Development,Senior Engineer
485253,1996-07-20,9999-01-01,Customer Service,Senior Staff
485489,1986-12-14,9999-01-01,Development,Senior Engineer
485577,1997-04-27,9999-01-01,Development,Senior Engineer
485579,1986-12-16,9999-01-01,Development,Engineer
485799,1997-11-22,9999-01-01,Research,Senior Staff
485817,1997-02-21,9999-01-01,Production,Engineer
486068,1996-06-26,9999-01-01,Human Resources,Senior Staff
486808,1998-12-27,9999-01-01,Quality Management,Senior Engineer
486918,1994-11-01,9999-01-01,Sales,Senior Staff
486956,1993-10-14,9999-01-01,Production,Engineer
486958,1986-07-30,9999-01-01,Development,Senior Engineer
487008,1993-05-26,9999-01-01,Sales,Senior Staff
487505,1987-11-02,9999-01-01,Research,Senior Staff
487988,1990-05-20,9999-01-01,Human Resources,Staff
488095,1997-12-23,9999-01-01,Customer Service,Senior Staff
488142,1991-07-01,9999-01-01,Sales,Staff
488482,1999-12-05,9999-01-01,Development,Engineer
488540,1996-04-12,9999-01-01,Finance,Senior Staff
488619,1998-04-11,9999-01-01,Production,Engineer
488693,1993-03-10,9999-01-01,Development,Senior Engineer
488707,1990-03-01,9999-01-01,Sales,Staff
488752,1994-02-09,9999-01-01,Marketing,Senior Staff
488788,1990-09-21,9999-01-01,Customer Service,Senior Staff
488984,1992-11-12,9999-01-01,Sales,Staff
489755,1999-12-04,9999-01-01,Human Resources,Staff
489756,1992-06-09,9999-01-01,Finance,Senior Staff
489928,1997-07-26,9999-01-01,Development,Assistant Engineer
490551,1998-11-07,9999-01-01,Development,Engineer
490557,1994-07-01,9999-01-01,Production,Engineer
490568,1998-07-23,9999-01-01,Development,Senior Engineer
490720,2002-05-18,9999-01-01,Quality Management,Senior Engineer
491079,1992-02-04,9999-01-01,Development,Senior Engineer
491162,1994-08-29,9999-01-01,Development,Senior Engineer
491478,1988-06-18,9999-01-01,Sales,Senior Staff
491596,1992-08-03,9999-01-01,Production,Engineer
491632,1986-10-20,9999-01-01,Customer Service,Senior Staff
492000,1993-12-16,9999-01-01,Human Resources,Senior Staff
492052,1999-11-30,9999-01-01,Customer Service,Staff
492217,1991-09-28,9999-01-01,Development,Senior Engineer
492639,1997-07-10,9999-01-01,Development,Engineer
492677,1988-02-05,9999-01-01,Production,Senior Engineer
493031,1991-07-30,9999-01-01,Customer Service,Senior Staff
493048,1995-01-23,9999-01-01,Sales,Senior Staff
493096,1995-04-07,9999-01-01,Development,Engineer
493744,1997-07-17,9999-01-01,Production,Senior Engineer
494019,1991-05-06,9999-01-01,Marketing,Senior Staff
494088,1989-02-06,9999-01-01,Production,Senior Engineer
494493,1996-11-20,9999-01-01,Marketing,Staff
494995,1989-08-24,9999-01-01,Sales,Senior Staff
496100,1995-05-08,9999-01-01,Customer Service,Staff
496970,1999-12-31,9999-01-01,Production,Senior Engineer
496978,1993-09-10,9999-01-01,Marketing,Senior Staff
497007,1998-08-09,9999-01-01,Customer Service,Senior Engineer
497174,1993-04-27,9999-01-01,Development,Senior Engineer
497340,1990-09-19,9999-01-01,Marketing,Senior Staff
497391,1999-05-19,9999-01-01,Quality Management,Engineer
497835,1999-10-06,9999-01-01,Production,Technique Leader
498185,1999-06-06,9999-01-01,Development,Senior Engineer
498337,1997-05-17,9999-01-01,Sales,Staff
498456,1987-06-05,9999-01-01,Customer Service,Senior Staff
498635,1988-07-22,9999-01-01,Sales,Senior Staff
498838,1989-12-13,9999-01-01,Research,Senior Staff
498845,1999-11-13,9999-01-01,Development,Senior Engineer
498955,1995-01-16,9999-01-01,Production,Senior Engineer
499194,1999-08-27,9999-01-01,Customer Service,Senior Staff
499260,1998-09-14,9999-01-01,Production,Engineer
499495,1999-08-30,9999-01-01,Development,Engineer
